{"count":1,"self":8567.4590207999991,"total":15225.2208044,"children":{"AgentSendState":{"count":2879484,"self":201.23147519999998,"total":1009.0587175,"children":{"CollectObservations":{"count":4607176,"self":61.757171199999995,"total":61.7571702,"children":null},"CollectDiscreteActionMasks":{"count":4607176,"self":15.385899199999999,"total":15.3858991,"children":null},"AgentInfo.ToProto":{"count":4607176,"self":53.750476799999994,"total":730.6841723,"children":{"GenerateSensorData":{"count":4607176,"self":196.818368,"total":676.9336968,"children":{"RayPerceptionSensor.Perceive":{"count":13821528,"self":480.1153536,"total":480.1153334,"children":null}}}}}}},"DecideAction":{"count":2879484,"self":5512.0990207999994,"total":5512.0988591,"children":null},"AgentAct":{"count":2879484,"self":135.8209664,"total":136.6005864,"children":{"AgentInfo.ToProto":{"count":4600,"self":0.070908,"total":0.7796204,"children":{"GenerateSensorData":{"count":4600,"self":0.22877809999999998,"total":0.7087124,"children":{"RayPerceptionSensor.Perceive":{"count":13800,"self":0.4799343,"total":0.4799343,"children":null}}}}}}}},"gauges":{"Hummingbird.CumulativeReward":{"count":4600,"max":62.30821,"min":-23.5,"runningAverage":28.6753025,"value":43.1226845,"weightedAverage":42.99453}},"metadata":{"timer_format_version":"0.1.0","start_time_seconds":"1594568643","unity_version":"2019.3.15f1","command_line_arguments":"C:\\Program Files\\Unity\\Hub\\Editor\\2019.3.15f1\\Editor\\Unity.exe -projectpath E:\/Semester#2\/ToC\/Assignment#4_Part-B\/HummingBird -useHub -hubIPC -cloudEnvironment production -hubSessionId 88f14180-c40e-11ea-a94c-9fe808048bca -accessToken EM-15As9ZBF2itOsHkVK6S45emdaUbwhv06bTqgOUTA011f","communication_protocol_version":"1.0.0","com.unity.ml-agents_version":"1.0.0-preview","scene_name":"Training","end_time_seconds":"1594583868"}}